[
  {
    "name": "theme_info",
    "theme_name": "Shivalik Real Estate",
    "theme_version": "1.0.0",
    "theme_author": "Shivalik Group",
    "theme_documentation_url": "",
    "theme_support_url": ""
  },
  {
    "name": "Logo & Branding",
    "settings": [
      {
        "type": "image_picker",
        "id": "logo",
        "label": "Logo image",
        "info": "Recommended size: 200 x 60px"
      },
      {
        "type": "url",
        "id": "logo_url",
        "label": "Logo URL",
        "default": "/"
      }
    ]
  },
  {
    "name": "Colors",
    "settings": [
      {
        "type": "color",
        "id": "color_primary",
        "label": "Primary color",
        "default": "#1e40af"
      },
      {
        "type": "color",
        "id": "color_secondary",
        "label": "Secondary color",
        "default": "#f59e0b"
      },
      {
        "type": "color",
        "id": "color_accent",
        "label": "Accent color",
        "default": "#10b981"
      }
    ]
  },
  {
    "name": "Typography",
    "settings": [
      {
        "type": "font_picker",
        "id": "heading_font",
        "label": "Heading font",
        "default": "work_sans_n4"
      },
      {
        "type": "font_picker",
        "id": "body_font",
        "label": "Body font",
        "default": "work_sans_n4"
      }
    ]
  },
  {
    "name": "Contact Information",
    "settings": [
      {
        "type": "text",
        "id": "contact_phone",
        "label": "Phone number",
        "default": "+91-XXXXXXXXXX"
      },
      {
        "type": "text",
        "id": "contact_email",
        "label": "Email address",
        "default": "info@shivalikgroup.com"
      },
      {
        "type": "text",
        "id": "contact_address",
        "label": "Address",
        "default": "Your Business Address"
      }
    ]
  },
  {
    "name": "Social Media",
    "settings": [
      {
        "type": "url",
        "id": "social_facebook",
        "label": "Facebook URL"
      },
      {
        "type": "url",
        "id": "social_twitter",
        "label": "Twitter URL"
      },
      {
        "type": "url",
        "id": "social_instagram",
        "label": "Instagram URL"
      },
      {
        "type": "url",
        "id": "social_linkedin",
        "label": "LinkedIn URL"
      },
      {
        "type": "url",
        "id": "social_youtube",
        "label": "YouTube URL"
      }
    ]
  },
  {
    "name": "Property Settings",
    "settings": [
      {
        "type": "text",
        "id": "default_currency",
        "label": "Default Currency",
        "default": "₹"
      },
      {
        "type": "checkbox",
        "id": "show_virtual_tour",
        "label": "Show virtual tour option",
        "default": true
      }
    ]
  }
]